Index,User Id,First Name,Last Name,Sex,Email,Phone,
1,88F7B33d2bcf9f5,Shelby,,Male,elijah57@example.net,001-084-906-7849x73518,
2,f90cD3E76f1A9b9,Phillip,Summers,Female,bethany14@example.com,214.112.6044x4913,
3,DbeAb8CcdfeFC2c,Kristine,,,bthompson@example.com,277.609.7938,
4,A31Bee3c201ef58,Yesenia,Martinez,Male,,584.094.6111,
5,1bA7A3dc874da3c,Lori,Todd,Male,buchananmanuel@example.net,,
6,bfDD7CDEF5D865B,Erin,Day,Male,tconner@example.org,001-171-649-9856x5553,
7,bE9EEf34cB72AF7,Katherine,Buck,Female,conniecowan@example.com,+1-773-151-6685x49162,
,,,,,,,
9,baDcC4DeefD8dEB,,Farrell,Male,nmccann@example.net,,
10,8e4FB470FE19bF0,Isaiah,,,virginiaterrell@example.org,+1-511-372-1544x8206,
11,BF0BbA03C29Bb3b,Sheila,Ross,Female,huangcathy@example.com,895.881.4746,
12,F738c69fB34E62E,Stacy,Newton,Male,rayleroy@example.org,710.673.3213x80335,
13,C03fDADdAadAdCe,Mandy,,Male,,(992)466-1305x4947,
14,b759b74BD1dE80d,Bridget,Nash,Female,mercedes44@example.com,(216)627-8359,
15,1F0B7D65A00DAF9,Crystal,Farmer,,pmiranda@example.org,-5791,
